,Strain,Strain_old.x,Phylum,Class,Order,Family,Genus,blast_hit,WGS_species_ANI,Isolation,Plant,ZOTU,Rank_WT,Genome,Cryo_box,Col_Pos_plate_old,Contamination,Morphology_MBOA,AMPO_production,Pheno_metabolites,Metabolite.specific,Pheno_Tolerance,Growth.specific,APB_plant,diameter..cm.,colour,shape,Microscopic_shape,Spore_forming,Motility,gram,other,Primer,X16s_rev,X16s_fw,comments
1,LPB4.O,B4_orig,Proteobacteria,NA,NA,NA,Pseudomonas,Pseudomonas putida,Pseudomonas putida,PseudoA,B73_WT_RoRh,ZOTU59,394,Zurich,NA,P1_B04,NA,NA,no_AMPO,yes,NA,yes,NA,yes,NA,NA,NA,NA,NA,NA,negative,NA,NA,NA,NA,NA
2,LPD2_E2,LPD2_E2,Proteobacteria,NA,NA,NA,Pseudomonas,Pseudomonas putida,Pseudomonas putida,NA,B73_WT_RoRh,ZOTU59,394,Zurich,NA,NA,NA,NA,no_AMPO,yes,NA,yes,NA,no,NA,NA,NA,NA,NA,NA,negative,NA,NA,NA,NA,NA
3,LRC7.O,C7,Proteobacteria,NA,NA,NA,Rhizobium,Agrobacterium tumefaciens,Agrobacterium tumefaciens,Flour,B73_WT_RoRh,ZOTU6,26,Zurich,NA,P1_C07,NA,NA,little_AMPO,yes,NA,yes,NA,no,NA,NA,NA,NA,NA,NA,negative,NA,NA,NA,NA,NA
4,LRH8.O,H8-3_orig,Proteobacteria,NA,NA,NA,Rhizobium,Agrobacterium tumefaciens,Agrobacterium tumefaciens,Flour,B73_WT_RoRh,NA,NA,Zurich,NA,P2_H08,NA,NA,little_AMPO,yes,NA,yes,NA,no,NA,NA,NA,NA,NA,NA,negative,NA,NA,NA,NA,NA
5,LAC11,LSY1,Proteobacteria,NA,NA,NA,Acinetobacter,Acinetobacter sp. strain 9E3434KR,Acinetobacter lwoffii,Flour,B73_WT_RoRh,ZOTU3257,5339,Spain,NA,P2_C04,NA,Red,little_AMPO,yes,4_littleAMPO,yes,BOA_promotion,yes,NA,NA,NA,NA,NA,NA,negative,NA,NA,NA,NA,NA
9,LBA1,LBA1,Firmicutes,NA,NA,NA,Bacillus,Bacillus oryzaecorticis strain A27,GCF_001884205.1,NA,B73_WT_RoRh,ZOTU1321,304,Spain,NA,NA,NA,NA,unknown,no,NA,no,NA,no,NA,NA,NA,NA,NA,NA,positive,NA,NA,NA,NA,NA
13,LBA20,L020_BA,Firmicutes,NA,NA,NA,Bacillus,[Brevibacterium] frigoritolerans strain WTB82,Bacillus simplex,Flour,B73_WT_RoRh,ZOTU428,74,Spain,NA,P2_G09,NA,NR,no_AMPO,yes,no DIMBOA,yes,DIMBOA_0.8,no,NA,NA,NA,NA,NA,NA,positive,NA,NA,NA,NA,NA
14,LMC1,C1,Proteobacteria,NA,NA,NA,Pantoea,[Curtobacterium] plantarum strain CL63,Pantoea agglomerans,TSB_MBOA,B73_WT_RoRh,ZOTU72,701,Spain,NA,NA,NA,Red,AMPO_mix,yes,3_AMPO,no,NA,no,NA,NA,NA,NA,NA,NA,negative,NA,NA,NA,NA,Mixed
15,LMI1,LMI1,Firmicutes,NA,NA,NA,Micrococcineae,Microbacterium testaceum strain L6-732,NA,Flour,B73_WT_RoRh,ZOTU3260,848,Spain,NA,P1_C08,NA,NR,no_AMPO,yes,little MBOA metabolism,yes,MBOA_0.4,yes,NA,NA,NA,NA,NA,NA,positive,NA,NA,NA,NA,NA
19,LMK1,K1,Proteobacteria,NA,NA,NA,Pantoea,[Curtobacterium] plantarum strain CL63,Pantoea agglomerans,TSB_MBOA,B73_WT_RoRh,ZOTU72,701,Spain,NA,NA,NA,NR,no_AMPO,yes,NA,no,NA,no,NA,NA,NA,NA,NA,NA,negative,NA,NA,NA,NA,NA
20,LPA2,LAR1.2,Proteobacteria,NA,NA,NA,Micrococcineae,Paenarthrobacter,GCF_001375615.1,NA,B73_WT_RoRh,ZOTU56,123,Spain,NA,P1_C10,NA,NA,unknown,no,NA,no,NA,no,NA,NA,NA,NA,NA,NA,positive,NA,NA,NA,NA,NA
24,LPD11,LPD1.1,Proteobacteria,NA,NA,NA,Pseudomonas,"Pseudomonas fluorescens Pf29Arp contig024,",NA,Flour,B73_WT_RoRh,ZOTU4,22,Spain,NA,P1_D05,NA,NA,no_AMPO,yes,NA,yes,NA,no,NA,NA,NA,NA,NA,NA,negative,NA,NA,NA,NA,NA
28,LPE1.3.1,LPE1.3.1,Firmicutes,NA,NA,NA,Paenibacillus,Paenibacillus endophyticus strain PECAE04,NA,NA,B73_WT_RoRh,ZOTU4413,1501,Spain,NA,NA,NA,NA,unknown,no,NA,no,no growth,no,NA,NA,NA,NA,NA,NA,positive,NA,NA,NA,NA,NA
29,LST17,LST1.1,Proteobacteria,NA,NA,NA,Stenotrophomonas,Stenotrophomonas maltophilia strain 5XS,NA,Flour,B73_WT_RoRh,ZOTU8,73,Spain,NA,P1_A05,NA,NR,no_AMPO,yes,NA,yes,MBOA_0.5,no,NA,NA,NA,NA,NA,NA,negative,NA,NA,NA,NA,NA
33,LMA1,A1,Proteobacteria,NA,NA,NA,Sphingobium,Sphingobium herbicidovorans strain NBRC 16415,NA,TSB_MBOA,B73_WT_RoRh,ZOTU2,27,Bern,NA,NA,NA,Red,AMPO,yes,3_AMPO,no,NA,no,NA,NA,NA,NA,NA,NA,negative,NA,NA,NA,NA,NA
34,LMB2,B2,Actinobacteria,NA,NA,NA,Micrococcineae,Microbacterium hydrocarbonoxydans strain BNP48,GCF_001262495.1,TSB_MBOA,B73_WT_RoRh,ZOTU435,148,Bern,NA,NA,NA,Red,AMPO,yes,3_AMPO,no,NA,no,NA,NA,NA,NA,NA,NA,positive,NA,NA,NA,NA,NA
35,LMC3,C3,Proteobacteria,NA,NA,NA,Sphingobium,Sphingobium herbicidovorans strain NBRC 16415,NA,TSB_MBOA,B73_WT_RoRh,ZOTU2,27,Bern,NA,NA,NA,Red,AMPO,yes,3_AMPO,no,NA,no,NA,NA,NA,NA,NA,NA,negative,NA,NA,NA,NA,NA
36,LMD1,D1,Actinobacteria,NA,NA,NA,Pseudarthrobacter,Pseudarthrobacter defluvii strain 4C1-a,NA,TSB_MBOA,B73_WT_RoRh,ZOTU2326,5369,Bern,NA,NA,NA,Red,AMPO,yes,3_AMPO,no,NA,no,NA,NA,NA,NA,NA,NA,positive,NA,NA,NA,NA,NA
37,LME3,E3,Proteobacteria,Gammaproteobacteria,Enterobacterales,Enterobacteriaceae,Enterobacter,NA,Enterobacter cloacae,TSB_MBOA,B73_WT_RoRh,ZOTU15,29,Bern,NA,NA,NA,Red,AMPO,yes,3_AMPO,no,NA,no,NA,NA,NA,NA,NA,NA,negative,NA,NA,NA,NA,complete BX degradation
38,LMR1,R1,Proteobacteria,Alphaproteobacteria,Rhizobiales,Rhizobiaceae,Neorhizobium,NA,GCA_002391045.1,TSB_MBOA,B73_WT_RoRh,ZOTU16187,3214,Bern,NA,NA,NA,Red,AMPO,yes,3_AMPO,no,NA,no,NA,NA,NA,NA,NA,NA,positive,NA,NA,NA,NA,NA
39,LMX7,X7,Actinobacteriota,Actinobacteria,Actinomycetales,Microbacteriaceae,Micrococcineae,Microbacterium,GCF_001262495.1,TSB_MBOA,B73_WT_RoRh,ZOTU435,148,Bern,NA,NA,NA,Red,AMPO,yes,3_AMPO,no,NA,no,NA,NA,NA,NA,NA,NA,positive,NA,NA,NA,NA,new glycerol
40,LSP13,LSP1.3,Proteobacteria,Alphaproteobacteria,Sphingomonadales,Sphingomonadaceae,Sphingobium,Bacterium enrichment culture clone JYJ-13,NA,Flour,B73_WT_RoRh,ZOTU2,27,Bern,NA,P1_D11,NA,Red,AMPO,yes,3_AMPO,yes,NA,yes,NA,NA,NA,NA,NA,NA,negative,NA,NA,NA,NA,NA
49,LAR12,LAR2,Actinobacteriota,Actinobacteria,Actinomycetales,Micrococcaceae,Soil763,Arthrobacter sp. Zs56,GCF_001375615.1,Flour,B73_WT_RoRh,ZOTU325,98,Bern,NA,NA,NA,NA,little_AMPO,yes,NA,yes,NA,no,NA,NA,NA,NA,NA,NA,positive,NA,NA,NA,NA,NA
53,LAR21,LAR2.1,Actinobacteriota,Actinobacteria,Actinomycetales,Micrococcaceae,Paenarthrobacter,Arthrobacter nitroguajacolicus strain KAR54,GCF_001375615.1,Flour,B73_WT_RoRh,ZOTU56,123,Bern,NA,P1_H12,NA,NR,no_AMPO,yes,NA,yes,NA,no,NA,NA,NA,NA,NA,NA,positive,NA,NA,NA,NA,produceBX?AMPO
54,LBA112,LBA1.1.2,Firmicutes,NA,NA,NA,Bacillus,Bacillus thuringiensis strain IARI-IIWP-38,GCF_001884205.1,Flour,B73_WT_RoRh,ZOTU1321,304,Bern,NA,P1_A10,NA,NA,no_AMPO,yes,DIMBOA stabilized,yes,DIMBOA_0.5,no,NA,NA,NA,NA,NA,NA,positive,NA,NA,NA,NA,NA
58,LBA21,LBA2.1,Firmicutes,NA,NA,NA,Bacillus,[Brevibacterium] frigoritolerans strain NGB-SF4,Bacillus simplex,Flour,B73_WT_RoRh,ZOTU428,74,Bern,NA,P1_F08,NA,NA,no_AMPO,yes,no DIMBOA,yes,DIMBOA_0.8,no,NA,NA,NA,NA,NA,NA,positive,NA,NA,NA,NA,NA
62,LBA3,LBA3,Firmicutes,NA,NA,NA,Bacillus,"Bacillus thuringiensis  16S rRNA , isolate BD17-E12",NA,PseudoA,B73_WT_RoRh,ZOTU1321,304,Bern,NA,P2_B04,NA,NA,no_AMPO,yes,DIMBOA stabilized,yes,DIMBOA_0.5,no,NA,NA,NA,NA,NA,NA,positive,NA,NA,NA,NA,NA
66,LBA71,LBA7.1,Firmicutes,NA,NA,NA,Bacillus,Bacillus wiedmannii strain B23193,NA,Flour,B73_WT_RoRh,ZOTU1321,304,Bern,NA,P2_F11,NA,NR,no_AMPO,yes,DIMBOA stabilized,yes,DIMBOA_0.5,yes,NA,NA,NA,NA,NA,NA,positive,NA,NA,NA,NA,NA
70,LMG1,G1,Actinobacteria,NA,NA,NA,Streptomyces,Streptomyces venezuelae strain NBRC 12595,NA,TSB_MBOA,B73_WT_RoRh,ZOTU266,265,Bern,NA,NA,NA,NR,no_AMPO,yes,NA,no,NA,no,NA,NA,NA,NA,NA,NA,positive,NA,NA,NA,NA,NA
71,LMI11,LBA2.2,Actinobacteria,NA,NA,NA,Micrococcineae,Microbacterium sp.,NA,Flour,B73_WT_RoRh,ZOTU435,148,Bern,NA,P1_F08,NA,NA,no_AMPO,yes,DG met,yes,MBOA_0.8,no,NA,NA,NA,NA,NA,NA,positive,NA,NA,NA,NA,NA
75,LMI1x,I1x,Actinobacteria,NA,NA,NA,Micrococcineae,Microbacterium oleivorans strain BAS69,NA,TSB_MBOA,B73_WT_RoRh,ZOTU435,148,Bern,NA,NA,NA,NR,no_AMPO,yes,NA,NA,NA,no,NA,NA,NA,NA,NA,NA,positive,NA,NA,NA,NA,twin LMB2
76,LMN1,N1,Bacteroidetes,NA,NA,NA,Chitinophaga,Chitinophaga ginsengisegetis strain Gsoil 040,NA,TSB_MBOA,B73_WT_RoRh,ZOTU1297,5024,Bern,NA,NA,NA,NR,no_AMPO,yes,no MBOA metabolism,no,NA,no,NA,NA,NA,NA,NA,NA,negative,NA,NA,NA,NA,chitin degradation
77,LMO1,O1,Firmicutes,NA,NA,NA,Bacillus,Bacillus aerius strain 24K,NA,TSB_MBOA,B73_WT_RoRh,ZOTU7872,3314,Bern,NA,NA,NA,NR,no_AMPO,yes,DG met_no DIMBOA,no,NA,no,NA,NA,NA,NA,NA,NA,positive,NA,NA,NA,NA,NA
78,LST12,LAR3,Proteobacteria,NA,NA,NA,Stenotrophomonas,Stenotrophomonas maltophilia strain CV10.3,NA,PseudoA,B73_WT_RoRh,ZOTU8,73,Bern,NA,P2_B11,NA,NA,no_AMPO,yes,NA,yes,MBOA_0.5,no,NA,NA,NA,NA,NA,NA,negative,NA,NA,NA,NA,NA
82,LST15,LHY1,Proteobacteria,NA,NA,NA,Stenotrophomonas,Stenotrophomonas sp. BG28,NA,Flour,B73_WT_RoRh,ZOTU8,73,Bern,NA,P2_A01,NA,NA,no_AMPO,yes,1_nomet_all,yes,MBOA_0.3,no,NA,NA,NA,NA,NA,NA,negative,NA,NA,NA,NA,NA
86,LMI12,LPX1.2.1,Actinobacteria,NA,NA,NA,Micrococcineae,Microbacterium sp.,NA,PseudoA,B73_WT_RoRh,ZOTU294,204,Bern,NA,P2_H07,NA,NA,NA,yes,no MBOA metabolism,yes,MBOA_0.5,no,NA,NA,NA,NA,NA,NA,positive,NA,NA,NA,NA,NA
87,LMS1,S1,Proteobacteria,NA,NA,NA,Massilia,Janthinobacterium sp. strain FT68W,NA,TSB_MBOA_fridge,B73_WT_RoRh,ZOTU76,16,Bern,NA,NA,NA,NR,unknown,yes,NA,no,NA,no,NA,NA,NA,NA,NA,NA,negative,NA,NA,NA,NA,abundant_field? Purple
88,LMU1,U1,Proteobacteria,NA,NA,NA,Burkholderia,Burkholderia sp. strain KBL32,NA,TSB_MBOA_fridge,B73_WT_RoRh,ZOTU88,49,Bern,NA,NA,NA,NR,unknown,yes,NA,no,NA,no,NA,NA,NA,NA,NA,NA,negative,NA,NA,NA,NA,abundant_field?
89,LMX9,X9,Proteobacteria,NA,NA,NA,Pseudomonas,Pseudomonas kilonensis strain 520-20,NA,TSB_MBOA,B73_WT_RoRh,ZOTU1,12,Bern,NA,NA,NA,NR,no_AMPO,yes,NA,no,NA,no,NA,NA,NA,NA,NA,NA,negative,NA,NA,NA,NA,NA
90,LMZ1,Z1,Proteobacteria,NA,NA,NA,Enterobacter,Pantoea agglomerans strain R-QL-120-23,NA,TSB_MBOA_fridge,B73_WT_RoRh,ZOTU15,29,Bern,NA,NA,NA,NR,unknown,yes,NA,no,NA,no,NA,NA,NA,NA,NA,NA,negative,NA,NA,NA,NA,Red??hastobetested
91,LRH13,LAC1.3,Proteobacteria,NA,NA,NA,Rhizobium,Bacterium WQS24,NA,Flour,B73_WT_RoRh,ZOTU6,26,Bern,NA,P2_F09,NA,NA,little_AMPO,yes,no DG met,yes,NA,no,NA,NA,NA,NA,NA,NA,negative,NA,NA,NA,NA,NA
95,LMF1,F1,Actinobacteria,NA,NA,NA,Streptomyces,Streptomyces ossamyceticus strain ACJ 1,NA,TSB_MBOA,B73_WT_RoRh,NA,NA,Bern,NA,NA,NA,NR,no_AMPO,yes,NA,no,NA,no,NA,NA,NA,NA,NA,NA,positive,NA,NA,NA,NA,very cool morpholgy
96,LMI13,LST3,Actinobacteria,NA,NA,NA,Micrococcineae,Microbacterium phyllosphaerae strain SS1,NA,Flour,B73_WT_RoRh,ZOTU435,148,Bern,NA,P2_A08,NA,NA,NA,yes,NA,yes,MBOA_0.8,no,NA,NA,NA,NA,NA,NA,positive,NA,NA,NA,NA,NA
100,LML1,L1,Actinobacteria,NA,NA,NA,Nocardioides,Nocardioides caeni strain MN8,NA,TSB_MBOA,B73_WT_RoRh,NA,NA,Bern,NA,NA,NA,NR,little_AMPO,yes,little AMPO,no,NA,no,NA,NA,NA,NA,NA,NA,positive,NA,NA,NA,NA,NA
101,LMX3,X3,Actinobacteria,NA,NA,NA,Micrococcineae,Microbacterium saperdae strain IFO 15038,NA,TSB_MBOA,B73_WT_RoRh,NA,NA,Bern,NA,NA,NA,Red,AMPO,yes,3_AMPO*,no,NA,no,NA,NA,NA,NA,NA,NA,positive,NA,NA,NA,NA,NA
102,LME1,E1,Firmicutes,NA,NA,NA,Bacillus,Bacillus megaterium strain ATCC 14581,NA,TSB_MBOA,B73_WT_RoRh,ZOTU209,238,no,NA,NA,NA,NR,NA,yes,DIMBOA stabilized,no,NA,no,NA,NA,NA,NA,NA,NA,positive,NA,NA,NA,NA,NA
103,LME2,E2,Firmicutes,NA,NA,NA,Bacillus,Bacillus aryabhattai B8W22,NA,TSB_MBOA,B73_WT_RoRh,ZOTU209,238,no,NA,NA,NA,NR,NA,yes,no DIMBOA,no,NA,no,NA,NA,NA,NA,NA,NA,positive,NA,NA,NA,NA,NA
104,LMG2,G2,Actinobacteria,NA,NA,NA,Streptomyces,Streptomyces violaceorectus strain NBRC 13102,NA,TSB_MBOA,B73_WT_RoRh,ZOTU266,265,no,NA,NA,NA,NR,no_AMPO,yes,NA,no,NA,no,NA,NA,NA,NA,NA,NA,positive,NA,NA,NA,NA,NA
105,LMH1,H1,Firmicutes,NA,NA,NA,Bacillus,Bacillus wiedmannii strain FSL W8-0169,NA,TSB_MBOA,B73_WT_RoRh,*,NA,no,NA,NA,NA,NR,NA,yes,DIMBOA stabilized,no,NA,no,NA,NA,NA,NA,NA,NA,positive,NA,NA,NA,NA,NA
106,LMI14,LST4,Actinobacteria,NA,NA,NA,Micrococcineae,Uncultured bacterium clone nbt37f07,NA,Flour,B73_WT_RoRh,ZOTU435,148,no,NA,P2_C03,NA,NA,no_AMPO,yes,no DG met,yes,MBOA_0.8,no,NA,NA,NA,NA,NA,NA,positive,NA,NA,NA,NA,NA
110,LMI15,LSY2.2,Actinobacteria,NA,NA,NA,Micrococcineae,Microbacterium foliorum strain LMP2,NA,Flour,B73_WT_RoRh,ZOTU435,148,no,NA,P2_E06,NA,NA,NA,yes,NA,yes,MBOA_0.75,no,NA,NA,NA,NA,NA,NA,positive,NA,NA,NA,NA,NA
114,LMJ1,J1,Firmicutes,NA,NA,NA,Bacillus,Bacillus pseudomycoides strain NBRC 101232,NA,TSB_MBOA,B73_WT_RoRh,ZOTU1321,304,no,NA,NA,NA,NR,NA,yes,DIMBOA stabilized,no,NA,no,NA,NA,NA,NA,NA,NA,positive,NA,NA,NA,NA,NA
115,LMM1,M1,Firmicutes,NA,NA,NA,Bacillus,[Brevibacterium] frigoritolerans strain DSM 8801,NA,TSB_MBOA,B73_WT_RoRh,ZOTU428,74,no,NA,NA,NA,NR,NA,yes,no DIMBOA,no,NA,no,NA,NA,NA,NA,NA,NA,positive,NA,NA,NA,NA,NA
116,LMQ1,Q1,Proteobacteria,NA,NA,NA,Rhizobium,Rhizobium cellulosilyticum strain ALA10B2,NA,TSB_MBOA,B73_WT_RoRh,ZOTU1417,1942,no,NA,NA,NA,NR,NA,yes,NA,no,NA,no,NA,NA,NA,NA,NA,NA,negative,NA,NA,NA,NA,NA
117,LMT1,T1,Bacteroidota,NA,NA,NA,Pedobacter,Uncultured organism clone,NA,TSB_MBOA_fridge,B73_WT_RoRh,ZOTU11515,9688,no,NA,NA,NA,NR,unknown,yes,NA,no,NA,no,NA,NA,NA,NA,NA,NA,negative,NA,NA,NA,NA,NA
118,LMV1,V1,Actinobacteria,NA,NA,NA,NA,Kocuria sp. strain CW5322,NA,TSB_MBOA_fridge,B73_WT_RoRh,*,NA,no,NA,NA,NA,NR,unknown,yes,NA,no,NA,no,NA,NA,NA,NA,NA,NA,positive,NA,NA,NA,NA,potential arsenic degr.
119,LMW1,W1,Firmicutes,NA,NA,NA,Bacillus,Bacillus cereus strain XS 24-5,NA,TSB_MBOA_fridge,B73_WT_RoRh,ZOTU1321,304,no,NA,NA,NA,NR,unknown,yes,NA,no,NA,no,NA,NA,NA,NA,NA,NA,positive,NA,NA,NA,NA,NA
120,LMX11,X11,Proteobacteria,NA,NA,NA,Pseudomonas,Pseudomonas frederiksbergensis strain DSM 13022,NA,TSB_MBOA,B73_WT_RoRh,ZOTU1,12,no,NA,NA,NA,NR,unknown,yes,NA,no,NA,no,NA,NA,NA,NA,NA,NA,negative,NA,NA,NA,NA,NA
121,LMX8,X8,Firmicutes,NA,NA,NA,Bacillus,Bacillus niacini strain NBRC 15566,NA,TSB_MBOA,B73_WT_RoRh,ZOTU428,74,no,NA,NA,NA,NR,NA,yes,no DIMBOA,no,NA,no,NA,NA,NA,NA,NA,NA,positive,NA,NA,NA,NA,NA
122,LMY1,Y1,Proteobacteria,NA,NA,NA,Pseudomonas,Pseudomonas marginalis JCM 13886,NA,TSB_MBOA_fridge,B73_WT_RoRh,ZOTU1,12,no,NA,NA,NA,NR,unknown,yes,NA,no,NA,no,NA,NA,NA,NA,NA,NA,negative,NA,NA,NA,NA,NA
123,LPB4.R,B4_R,Proteobacteria,NA,NA,NA,Pseudomonas,Pseudomonas putida (Rifampicin resistant),NA,Rif,B73_WT_RoRh,ZOTU59,394,no,NA,P1_B04,NA,NR,NA,yes,NA,yes,NA,yes,NA,NA,NA,NA,NA,NA,negative,NA,NA,NA,NA,NA
124,LRC7.S,C7_S,Proteobacteria,NA,NA,NA,Rhizobium,Agrobacterium tumefaciens (Streptomycin resistant),NA,Strep,B73_WT_RoRh,ZOTU6,26,no,NA,P1_C07,NA,Red,NA,yes,4_littleAMPO,yes,NA,yes,NA,NA,NA,NA,NA,NA,negative,NA,NA,NA,NA,NA
125,LRH11,LCE1.1,Proteobacteria,NA,NA,NA,Rhizobium,Agrobacterium tumefaciens strain 12D1,NA,PseudoA,B73_WT_RoRh,ZOTU6,26,no,NA,P2_D09,NA,NA,NA,yes,NA,yes,NA,no,NA,NA,NA,NA,NA,NA,negative,NA,NA,NA,NA,NA
129,LRH8.S,H8-3_S,Proteobacteria,NA,NA,NA,Rhizobium,Agrobacterium tumefaciens (Streptomycin resistant),NA,Strep,B73_WT_RoRh,NA,NA,no,NA,P2_H08,NA,NR,NA,yes,NA,yes,NA,no,NA,NA,NA,NA,NA,NA,negative,NA,NA,NA,NA,NA
130,LST11,LAC1.2,Proteobacteria,NA,NA,NA,Stenotrophomonas,Stenotrophomonas sp. strain NXH-3,NA,Flour,B73_WT_RoRh,ZOTU8,73,no,NA,P2_F09,NA,NA,NA,yes,1_nomet_all,yes,MBOA_0.5,yes,NA,NA,NA,NA,NA,NA,negative,NA,NA,NA,NA,NA
134,LST13,LAR4,Proteobacteria,NA,NA,NA,Stenotrophomonas,Stenotrophomonas maltophilia strain W9-5,NA,PseudoA,B73_WT_RoRh,ZOTU8,73,no,NA,P2_C09,NA,NA,NA,yes,NA,yes,MBOA_0.5,no,NA,NA,NA,NA,NA,NA,negative,NA,NA,NA,NA,NA
138,LST14,LBR1,Proteobacteria,NA,NA,NA,Stenotrophomonas,Stenotrophomonas sp. strain dek15b,NA,PseudoA,B73_WT_RoRh,ZOTU8,73,no,NA,P2_B02,NA,NA,NA,yes,NA,yes,MBOA_0.5,no,NA,NA,NA,NA,NA,NA,negative,NA,NA,NA,NA,NA
142,LST16,LMI2,Proteobacteria,NA,NA,NA,Stenotrophomonas,Stenotrophomonas sp. strain 18S2F3,NA,Flour,B73_WT_RoRh,ZOTU8,73,no,NA,P2_H05,NA,NA,NA,yes,NA,yes,MBOA_0.3,no,NA,NA,NA,NA,NA,NA,negative,NA,NA,NA,NA,NA
146,LAT1,LAT1,NA,NA,NA,NA,NA,NA,NA,TSB_MBOA_species,arabidopsis,NA,NA,no,Species_Isolation_Dez20,NA,NA,NA,NA,NA,NA,NA,NA,NA,NA,NA,NA,NA,NA,NA,NA,NA,1492r,NA,NA,NA
147,LAT2,LAT2,Actinobacteriota,Actinobacteria,Streptomycetales,Streptomycetaceae,Streptomyces,Streptomyces canescens strain DSM 40001,NA,TSB_MBOA_species,arabidopsis,NA,NA,no,Species_Isolation_Dez20,NA,NA,NA,NA,NA,NA,NA,NA,NA,NA,NA,NA,NA,NA,NA,NA,NA,1492r,NA,NA,NA
148,LBN1,LBN1,Actinobacteriota,Actinobacteria,Micrococcales,Microbacteriaceae,Microbacterium,Microbacterium saperdae strain DSM 20169,NA,TSB_MBOA_species,brassica,NA,NA,no,Species_Isolation_Dez20,NA,NA,NA,NA,NA,NA,NA,NA,NA,NA,NA,NA,NA,NA,NA,NA,NA,1492r,NA,NA,NA
149,LBN2,LBN2,Actinobacteriota,Actinobacteria,Micrococcales,Microbacteriaceae,Microbacterium,Microbacterium keratanolyticum strain DSM 8606,NA,TSB_MBOA_species,brassica,NA,NA,no,Species_Isolation_Dez20,NA,NA,NA,NA,NA,NA,NA,NA,NA,NA,NA,NA,NA,NA,NA,NA,NA,1492r,NA,NA,NA
150,LBN3,LBN3,Actinobacteriota,Actinobacteria,Micrococcales,Microbacteriaceae,Microbacterium,Microbacterium keratanolyticum strain DSM 8606,NA,TSB_MBOA_species,brassica,NA,NA,no,Species_Isolation_Dez20,NA,NA,NA,NA,NA,NA,NA,NA,NA,NA,NA,NA,NA,NA,NA,NA,NA,1492r,NA,NA,NA
151,LBN4,LBN4,Actinobacteriota,Actinobacteria,Micrococcales,Microbacteriaceae,Microbacterium,Microbacterium keratanolyticum strain DSM 8606,NA,TSB_MBOA_species,brassica,NA,NA,no,Species_Isolation_Dez20,NA,NA,NA,NA,NA,NA,NA,NA,NA,NA,NA,NA,NA,NA,NA,NA,NA,1492r,NA,NA,NA
152,LBN5,LBN5,Proteobacteria,Gammaproteobacteria,Pseudomonadales,Pseudomonadaceae,Pseudomonas,Pseudomonas thivervalensis strain SBK26,NA,TSB_MBOA_species,brassica,NA,NA,no,Species_Isolation_Dez20,NA,NA,NA,NA,NA,NA,NA,NA,NA,NA,NA,NA,NA,NA,NA,NA,NA,1492r,NA,NA,NA
153,LBN6,LBN6,Bacteroidota,Bacteroidia,Flavobacteriales,Weeksellaceae,Chryseobacterium,Chryseobacterium lathyri strain RBA2-6,NA,TSB_MBOA_species,brassica,NA,NA,no,Species_Isolation_Dez20,NA,NA,NA,NA,NA,NA,NA,NA,NA,NA,NA,NA,NA,NA,NA,NA,NA,1492r,NA,NA,NA
154,LBN7,LBN7,Actinobacteriota,Actinobacteria,Micrococcales,Microbacteriaceae,Microbacterium,Microbacterium saperdae strain DSM 20169,NA,TSB_MBOA_species,brassica,NA,NA,no,Species_Isolation_Dez20,NA,NA,NA,NA,NA,NA,NA,NA,NA,NA,NA,NA,NA,NA,NA,NA,NA,1492r,NA,NA,NA
155,LWO12,LWO12,Actinobacteriota,Actinobacteria,Micrococcales,Microbacteriaceae,Microbacterium,Microbacterium saperdae strain DSM 20169,NA,TSB_MBOA_species,B73_WT_root,NA,NA,no,Species_Isolation_Dez20,NA,NA,NA,NA,NA,NA,NA,NA,NA,NA,NA,NA,NA,NA,NA,NA,NA,1492r,NA,NA,NA
156,LTA1,LTA1,Proteobacteria,Gammaproteobacteria,Pseudomonadales,Pseudomonadaceae,Pseudomonas,Pseudomonas poae strain P 527/13,NA,TSB_MBOA_species,wheat,NA,NA,no,Species_Isolation_Dez20,NA,NA,NA,NA,NA,NA,NA,NA,NA,NA,NA,NA,NA,NA,NA,NA,NA,1492r,NA,NA,NA
157,LTA2,LTA2,Actinobacteriota,Actinobacteria,Micrococcales,Microbacteriaceae,Microbacterium,Microbacterium saperdae strain DSM 20169,NA,TSB_MBOA_species,wheat,NA,NA,no,Species_Isolation_Dez20,NA,NA,NA,NA,NA,NA,NA,NA,NA,NA,NA,NA,NA,NA,NA,NA,NA,1492r,NA,NA,NA
158,LTA3,LTA3,Proteobacteria,Gammaproteobacteria,Pseudomonadales,Pseudomonadaceae,Pseudomonas,Pseudomonas helmanticensis strain OHA11,NA,TSB_MBOA_species,wheat,NA,NA,no,Species_Isolation_Dez20,NA,NA,NA,NA,NA,NA,NA,NA,NA,NA,NA,NA,NA,NA,NA,NA,NA,1492r,NA,NA,NA
159,LTA4,LTA4,Actinobacteriota,Actinobacteria,Micrococcales,Microbacteriaceae,Microbacterium,Microbacterium keratanolyticum strain DSM 8606 ,NA,TSB_MBOA_species,wheat,NA,NA,no,Species_Isolation_Dez20,NA,NA,NA,NA,NA,NA,NA,NA,NA,NA,NA,NA,NA,NA,NA,NA,NA,1492r,NA,NA,NA
160,LTA5,LTA5,NA,NA,NA,NA,NA,NA,NA,TSB_MBOA_species,wheat,NA,NA,no,Species_Isolation_Dez20,NA,NA,NA,NA,NA,NA,NA,NA,NA,NA,NA,NA,NA,NA,NA,NA,NA,1492r,NA,NA,NA
161,LTA6,LTA6,Actinobacteriota,Actinobacteria,Micrococcales,Microbacteriaceae,Microbacterium,Microbacterium keratanolyticum strain DSM 8606,NA,TSB_MBOA_species,wheat,NA,NA,no,Species_Isolation_Dez20,NA,NA,NA,NA,NA,NA,NA,NA,NA,NA,NA,NA,NA,NA,NA,NA,NA,1492r,NA,NA,NA
162,LTA7,LTA7,Proteobacteria,Gammaproteobacteria,Pseudomonadales,Pseudomonadaceae,Pseudomonas,Pseudomonas poae strain P 527/13,NA,TSB_MBOA_species,wheat,NA,NA,no,Species_Isolation_Dez20,NA,NA,NA,NA,NA,NA,NA,NA,NA,NA,NA,NA,NA,NA,NA,NA,NA,1492r,NA,NA,NA
163,LWS1,LWS1,Firmicutes,Bacilli,Bacillales,Bacillaceae,Bacillus,Bacillus mycoides strain ATCC 6462,NA,TSB_MBOA_species,B73_WT_soil,NA,NA,no,Species_Isolation_Dez20,NA,NA,NA,NA,NA,NA,NA,NA,NA,NA,NA,NA,NA,NA,NA,NA,NA,1492r,NA,NA,NA
164,LWS2,LWS2,Proteobacteria,Gammaproteobacteria,Pseudomonadales,Pseudomonadaceae,Pseudomonas,Pseudomonas brassicacearum subsp. neoaurantiaca strain CIP 109457,NA,TSB_MBOA_species,medicago,NA,NA,no,Species_Isolation_Dez20,NA,NA,NA,NA,NA,NA,NA,NA,NA,NA,NA,NA,NA,NA,NA,NA,NA,1492r,NA,NA,NA
168,LMS3,LMS3,Proteobacteria,Gammaproteobacteria,Pseudomonadales,Pseudomonadaceae,Pseudomonas,Pseudomonas brassicacearum subsp. neoaurantiaca,NA,TSB_MBOA_species,medicago,NA,NA,no,Species_Isolation_Dez20,NA,NA,NA,NA,NA,NA,NA,NA,NA,NA,NA,NA,NA,NA,NA,NA,NA,1492r,NA,NA,NA
169,LMS4,LMS4,Actinobacteriota,Actinobacteria,Micrococcales,Microbacteriaceae,Microbacterium,Microbacterium keratanolyticum strain DSM 8606,NA,TSB_MBOA_species,medicago,NA,NA,no,Species_Isolation_Dez20,NA,NA,NA,NA,NA,NA,NA,NA,NA,NA,NA,NA,NA,NA,NA,NA,NA,1492r,NA,NA,NA
170,LMS5,LMS5,Actinobacteriota,Actinobacteria,Micrococcales,Microbacteriaceae,Microbacterium,Microbacterium saperdae strain DSM 20169,NA,TSB_MBOA_species,medicago,NA,NA,no,Species_Isolation_Dez20,NA,NA,NA,NA,NA,NA,NA,NA,NA,NA,NA,NA,NA,NA,NA,NA,NA,1492r,NA,NA,NA
171,LWO13,LWO13,Actinobacteriota,Actinobacteria,Micrococcales,Microbacteriaceae,Microbacterium,Microbacterium keratanolyticum strain DSM 8606,NA,TSB_MBOA_species,B73_WT_root,NA,NA,no,Species_Isolation_Dez20,NA,NA,NA,NA,NA,NA,NA,NA,NA,NA,NA,NA,NA,NA,NA,NA,NA,1492r,NA,NA,NA
172,LWO14,LWO14,Actinobacteriota,Actinobacteria,Micrococcales,Microbacteriaceae,Microbacterium,Microbacterium paraoxydans strain CF36 16S,NA,TSB_MBOA_species,B73_WT_root,NA,NA,no,Species_Isolation_Dez20,NA,NA,NA,NA,NA,NA,NA,NA,NA,NA,NA,NA,NA,NA,NA,NA,NA,1492r,NA,NA,NA
173,LWO15,LWO15,Proteobacteria,Gammaproteobacteria,Pseudomonadales,Pseudomonadaceae,Pseudomonas,Pseudomonas reinekei strain MT1 ,NA,TSB_MBOA_species,B73_WT_root,NA,NA,no,Species_Isolation_Dez20,NA,NA,NA,NA,NA,NA,NA,NA,NA,NA,NA,NA,NA,NA,NA,NA,NA,1492r,NA,NA,NA
174,LWH11,LWH11,Actinobacteriota,Actinobacteria,Micrococcales,Microbacteriaceae,Microbacterium,Microbacterium paraoxydans strain CF36,NA,TSB_MBOA_species,B73_WT_rhizo,NA,NA,no,Species_Isolation_Dez20,NA,NA,NA,NA,NA,NA,NA,NA,NA,NA,NA,NA,NA,NA,NA,NA,NA,1492r,NA,NA,NA
175,LWH12,LWH12,Actinobacteriota,Actinobacteria,Micrococcales,Microbacteriaceae,Microbacterium,Microbacterium keratanolyticum strain DSM 8606 ,NA,TSB_MBOA_species,B73_WT_rhizo,NA,NA,no,Species_Isolation_Dez20,NA,NA,NA,NA,NA,NA,NA,NA,NA,NA,NA,NA,NA,NA,NA,NA,NA,1492r,NA,NA,NA
176,LWH13,LWH13,Actinobacteriota,Actinobacteria,Micrococcales,Microbacteriaceae,Microbacterium,Microbacterium saperdae strain DSM 20169,NA,TSB_MBOA_species,B73_WT_rhizo,NA,NA,no,Species_Isolation_Dez20,NA,NA,NA,NA,NA,NA,NA,NA,NA,NA,NA,NA,NA,NA,NA,NA,NA,1492r,NA,NA,NA
177,LWS11,LWS11,Firmicutes,Bacilli,Bacillales,Bacillaceae,Bacillus,Bacillus aerius strain 24K,NA,TSB_MBOA_species,B73_WT_soil,NA,NA,no,Species_Isolation_Dez20,NA,NA,NA,NA,NA,NA,NA,NA,NA,NA,NA,NA,NA,NA,NA,NA,NA,1492r,NA,NA,NA
178,LWS12,LWS12,Proteobacteria,Alphaproteobacteria,Sphingomonadales,Sphingomonadaceae,Sphingobium,Sphingobium herbicidovorans strain MBIC 3166,NA,TSB_MBOA_species,B73_WT_soil,NA,NA,no,Species_Isolation_Dez20,NA,NA,NA,NA,NA,NA,NA,NA,NA,NA,NA,NA,NA,NA,NA,NA,NA,1492r,NA,NA,NA
179,LWS13,LWS13,Actinobacteriota,Actinobacteria,Micrococcales,Microbacteriaceae,Microbacterium,Microbacterium hibisci strain THG-T2.14 ,NA,TSB_MBOA_species,B73_WT_soil,NA,NA,no,Species_Isolation_Dez20,NA,NA,NA,NA,NA,NA,NA,NA,NA,NA,NA,NA,NA,NA,NA,NA,NA,1492r,NA,NA,NA
180,LWS15,LWS15,Firmicutes,Bacilli,Bacillales,Bacillaceae,Bacillus,Bacillus mycoides strain ATCC 6462 ,NA,TSB_MBOA_species,B73_WT_soil,NA,NA,no,Species_Isolation_Dez20,NA,NA,NA,NA,NA,NA,NA,NA,NA,NA,NA,NA,NA,NA,NA,NA,NA,1492r,NA,NA,NA
181,LBO11,LBO11,Actinobacteriota,Actinobacteria,Micrococcales,Microbacteriaceae,Microbacterium,Microbacterium saccharophilum strain K-1 16S,NA,TSB_MBOA_species,B73_bx_root,NA,NA,no,Species_Isolation_Dez20,NA,NA,NA,NA,NA,NA,NA,NA,NA,NA,NA,NA,NA,NA,NA,NA,NA,1492r,NA,NA,NA
182,KSC1,KSC1,Firmicutes,Bacilli,Paenibacillales,Paenibacillaceae,Paenibacillus,Paenibacillus polymyxa strain DSM 36 ,NA,TSB_full_Katja,soil,NA,NA,no,Species_Isolation_Dez20,NA,NA,NA,NA,NA,NA,NA,NA,NA,NA,NA,NA,NA,NA,NA,NA,NA,1492r,NA,NA,NA
183,LBH2,LBH2,Proteobacteria,Alphaproteobacteria,Sphingomonadales,Sphingomonadaceae,Sphingobium,Sphingobium herbicidovorans strain MBIC 3166,NA,TSB_MBOA_compartment,B73_bx_rhizo,NA,NA,NA,Compartment_isolation_June20,NA,NA,Red,NA,NA,NA,NA,NA,NA,NA,NA,NA,NA,NA,NA,NA,NA,1492r,CTCCTTGCGGTTAGCGCACAGCCTTCGGGTGAAACCAACTCCCATGGTGTGACGGGCGGTGTGTACAAGGCCTGGGAACGTATTCACCGCGGCATGCTGATCCGCGATTACTAGCGATTCCGCCTTCATGCTCTCGAGTTGCAGAGAACAATCCGAACTGAGACGACTTTTGGAGATTAGCTCCTCCTCGCGGAGTGGCTGCCCACTGTAGTCGCCATTGTAGCACGTGTGTAGCCCAACGCGTAAGGGCCATGAGGACTTGACGTCATCCCCACCTTCCTCCGGCTTATCACCGGCGGTTCCTTTAGAGTACCCAACTAAATGATGGCAACTAAAGGCGAGGGTTGCGCTCGTTGCGGGACTTAACCCAACATCTCACGACACGAGCTGACGACAGCCATGCAGCACCTGTCACCTATCCAGCCGAACTGAAGGAAAGTGTCTCCACGATCCGCGATAGGGATGTCAAACGTTGGTAAGGTTCTGCGCGTTGCTTCGAATTAAACCACATGCTCCACCGCTTGTGCAGGCCCCCGTCAATTCCTTTGAGTTTTAATCTTGCGACCGTACTCCCCAGGCGGATAACTTAATGCGTTAGCTGCGCCACCGAAACTCCATGAGCCCCAGCAGCTAGTTATCATCGTTTACGGCGTGGACTACCAGGGTATCTAATCCTGTTTGCTCCCCACGCTTTCGCACCTCAGCGTCAACAATCGTCCAGTGAGCCCGCCTTCGCCACTGGTGTTCTTCCGAATATCTACGAATTTCACCTCTACACTCGGAATTCCACTCACCTCTCCGATGTTCAAGCAATCCAGTCTCA,NA,NA
184,LBH3,LBH3,Proteobacteria,Alphaproteobacteria,Sphingomonadales,Sphingomonadaceae,Sphingobium,Sphingobium herbicidovorans strain MBIC 3166,NA,TSB_MBOA_compartment,B73_bx_rhizo,NA,NA,NA,Compartment_isolation_June20,NA,NA,Red,NA,NA,NA,NA,NA,NA,NA,NA,NA,NA,NA,NA,NA,NA,1492r,CGGTTAGCGNACAGCCTTCGGGTGAAACCAACTCCCATGGTGTGACGGGCGGTGTGTACAAGGCCTGGGAACGTATTCACCGCGGCATGCTGATCCGCGATTACTAGCGATTCCGCCTTCATGCTCTCGAGTTGCAGAGAACAATCCGAACTGAGACGACTTTTGGAGATTAGCTNCTCCTCGCGNNGTGGCTGCCCACTGTAGTCGCCATTGTAGCACGTGTGTAGCCCAACGCGTAAGGGCCATGAGGACTTGACGTCATCCCCACCTTCCTCCGGCTTATCACCGGCGGTTCCTTTAGAGTACCCAACTAAATGATGGCAACTAAAGGCGAGGGTTGCGCTCGTTGCGGGACTTAACCCAACATCTCACGACACGAGCTGACGACAGCCATGCAGCACCTGTCACCTATCCAGCCGAACTGAAGGAAAGTGTCTCCACGATCCGCGATAGGGATGTCAAACGTTGGTAAGGTTCTGCGCGTTGCTTCGAATTAAACCACATGCTCCACCGCTTGTGCAGGCCCCCGTCAATTCCTTTGAGTTTTAATCTTGCGACCGTACTCCCCAGGCGGATAACTTAATGCGTTAGCTGCGCCACCGAAACTCCATGAGCCCCAGCAGCTAGTTATCATCGTTTACGGCGTGGACTACCAGGGTATCTAATCCTGTTTGCTCCCCACGCTTTCGCACCTCAGCGTCAACAATCGTCCAGTGAGCCGCCTTCGCCACTGGTGTTCTTCCGAATATCTACGAATTTCACCTCTACACTCGGAATTCCACTCACCCTCTCCGATGTTCAAGCAAATCCAGTCTNAAGGCTNTTCCGGGGNTTGAGCCCCGGGCTTTCACCTCTGACTTAAATCNCCGCCTACGTGCGCTTTACGCCCAGTAATTCCGAACAACGCTA,NA,NA
185,LBH7,LBH7,Proteobacteria,Alphaproteobacteria,Sphingomonadales,Sphingomonadaceae,Sphingobium,Sphingobium herbicidovorans strain MBIC 3166,NA,TSB_MBOA_compartment,B73_bx_rhizo,NA,NA,NA,Compartment_isolation_June20,NA,NA,Red,NA,NA,NA,NA,NA,NA,NA,NA,NA,NA,NA,NA,NA,NA,1492r,GGCCTGGGAACGTATTCACCGCNGCATGCTGATCCGCGATTACTANCGATTCCGCCTTCATGCTCTCGAGTTGCAGAGAACAATCCGAACTGAGACGACTTTTGGAGATTAGCTCCTCCTCGCGGAGTGGCTGCCCACTGTAGTCGCCATTGTAGCACGTGTGTANCCCAACGCGTAAGGGCCNTGAGGACTTGACGTCATCCCCACCTTCCTCCGGCTTATCACCGGCGGTTCCTTTANAGTACCCAACTAAATGATGGCAACTAAAGGCGAGGGTTGCGCTCGTTGCNGGACTTAACCCAACATCTCACGACACGAGCTGACGACAGCCATGCAGCACCTGTCNCCTATCCAGCCGAACTGAAGGAAAGTGTCTCCACGATCCGCGATAGGGATGTCAAACGTTGGTAAGGTTCTGCGCGTTGCTTCGAATTAAACCACATGCTCCACCGCTTGTGCAGGCCCCCGTCAATTCCTTTGAGTTTTAATCTTGCGACCGTACTCCCCAGGCGGATAACTTAATGCGTTAGCTGCGCCACCGAAACTCCATGAGCCCCAGCAGCTAGTTATCATCGTTTACGGCGTGGACTACCAGGGTATCTAATCCTGTTTGCTCCCCACGCTTTCGCACCTCAGCGTCAACAATCGTCCAGTGAGCCGCCTTCGCCACTGGTGTTCTTCCGAATATCTACGAATTTCACCTCTACACTCGGAATTCCACTCANCCTCTCCGATGTTCAAAGCAATCCNGTCTCAAAGGCTATT,NA,NA
186,LBO1,LBO1,Actinobacteriota,Actinobacteria,Micrococcales,Microbacteriaceae,Microbacterium,Microbacterium trichothecenolyticum strain DSM 8608,NA,TSB_MBOA_compartment,B73_bx_root,NA,NA,NA,Compartment_isolation_June20,NA,NA,Red,NA,NA,NA,NA,NA,NA,NA,NA,NA,NA,NA,NA,NA,NA,1492r,NNACGGCTCCCTCCACAAGGGTTGGGCCACCGGCTTCAGGTGTTACCGACTTTCATGACTTGACGGGCGGTGTGTACAAGACCCGGGAACGTATTCACCGCAGCGTTGCTGATCTGCGATTACTAGCGACTCCGACTTCATGAGGTCGAGTTGCAGACCTCAATCCGAACTGGGACCGGCTTTTTGGGATTCGCTCCACCTCACGGTATTGCAGCCCTTTGTACCGGCCATTGTAGCATGCGTGAAGCCCAAGACATAAGGGGCATGATGATTTGACGTCATCCCCACCTTCCTCCGAGTTGACCCCGGCAGTATCCCATGAGTTCCCACCATTACGTGCTGGCAACATAGAACGAGGGTTGCGCTCGTTGCGGGACTTAACCCAACATCTCACGACACGAGCTGACGACAACCATGCACCACCTGTTCACGAGTGTCCAAAGAGTCCCCTATTTCTAGGGTGTTCTCGTGTATGTCAAGCCTTGGTAAGGTTCTTCGCGTTGCATCGAATTAATCCGCATGCTCCGCCGCTTGTGCGGGTCCCCGTCAATTCCTTTGAGTTTTAGCCTTGCGGCCGTACTCCCCAGGCGGGGAACTTAATGCGTTAGCTGCGTCACGGAATCCGTGGAAAGGACCCCACAACTAGTTCCCAACGTTTACGGGGTGGACTACCAGGGTATCTAAGCCTGTTTGCTCCCCACCCTTTCGCTCCTCAGCGTCAGTTACGGCCCAGAGATCTGCCTTCGCCATCGGTGTTCCTCCTGATATCTGCGCATTCCACCGCTACACCAGGAATTCCAATCTCCCCTACCGCACTCTAGTCTGCCCGTACCCACTGCAGGCCCGAGGTTGAGCCTCGGGATTTCACAGCAGACGCGACAAACCGCCTACGAGCTCTTTACGCCCAATAATTCCGGATAACGCTTGCGCCCTACGTATTACCGCGGCTGCTGGCACGTAGTTAGCCGGSSCTTTTTCTGCAAGTACCGTCMCTTTCGCTTCTTCCTTGCTAAAAGAGGTTTAMAACCCGAAGGCCGTCATCCYTCAGGCGGCGTTGCTGCATCAGGCTTCCGCCATTGGGCAAATTCCCC,NA,NA
187,LBO3,LBO3,Actinobacteriota,Actinobacteria,Micrococcales,Microbacteriaceae,Microbacterium,Microbacterium saperdae strain DSM 20169,NA,TSB_MBOA_compartment,B73_bx_root,NA,NA,NA,Compartment_isolation_June20,NA,NA,Red,NA,NA,NA,NA,NA,NA,NA,NA,NA,NA,NA,NA,NA,NA,1492r,ANNCGGCTTCAGGTGTTACCGACTTTCATGACTTGACGGRCGGTGTGTACAAGACCCGGGAACGTATTCACCGCAGCGTTGCTGATCTGCGATTACTAGCGACTCCGACTTCATGAGGTCGAGTTGCAGACCTCAATCCGAACTGGGACCGGCTTTTTGGGATTCGCTCCACCTCGCGGTATTGCAGCCCTTTGTACCGGCCATTGTAGCATGCGTGAAGCCCAAGACATAAGGGGCATGATGATTTGACGTCATCCCCACCTTCCTCCGAGTTGACCCCGGCAGTATCCCATGAGTTCCCACCATTACGTGCTGGCAACATAGAACGAGGGTTGCGCTCGTTGCGGGACTTAACCCAACATCTCACGACACGAGCTGACGACAACCATGCACCACCTGTTTACGAGTGTCCAAAGAGTTGACCATTTCTGGCCCGTTCTCGTATATGTCAAGCCTTGGTAAGGTTCTTCGCGTTGCATCGAATTAATCCGCATGCTCCGCCGCTTGTGCGGGTCCCCGTCAATTCCTTTGAGTTTTAGCCTTGCGGCCGTACTCCCCAGGCGGGGAACTTAATGCGTTAGCTGCGTCACGGAATCCGTGGAATGGACCCCACAACTAGTTCCCAACGTTTACGGGGTGGACTACCAGGGTATCTAAGCCTGTTTGCTCCCCACCCTTTCGCTCCTCAGCGTCAGTTACGGCCCAGAGATCTGCCTTCGCCATCGGTGTTCCTCCTGATATCTGCGCATTCCACCGCTACACCAGGAATTCCAATCTCCCCTACCGCACTCTAGTCTGCCCGTACCCACTGCAGGCCGGAGGTTGAGCCTCCGGATTTCACAGCAGACGCGACAAACCGCCTACGAGCTCTTTACGCCCAATAATTCCGGATAACGCTTGCGCCCTACGTATTACCGCGGCTGCTGGCACGTAGTTAGCCGGCGCTTTTTCTGCAGGTACCGTCACTTTCGCTTCTTCCTGCTAAAAGAGGTTACAACCCGAAGGCCGTCATCCCTCACGCGGCGTTGCTGCATCAGGCTTGCGCCATTGTGCAATATTCCCACTGCTGCCTCCCGAGGATCTGGCCG,NA,NA
188,LBO4,LBO4,Proteobacteria,Alphaproteobacteria,Sphingomonadales,Sphingomonadaceae,Sphingobium,Sphingobium herbicidovorans strain MBIC 3166,NA,TSB_MBOA_compartment,B73_bx_root,NA,NA,NA,Compartment_isolation_June20,NA,NA,Red,NA,NA,NA,NA,NA,NA,NA,NA,NA,NA,NA,NA,NA,NA,1492r,ATCTGCTGCCTCCTTGCGGTTAGCGCACAGCCTTCGGGTGAAACCAACTCCCATGGTGTGACGGGCGGTGTGTACAAGGCCTGGGAACGTATTCACCGCGGCATGCTGATCCGCGATTACTAGCGATTCCGCCTTCATGCTCTCGAGTTGCAGAGAACAATCCGAACTGAGACGACTTTTGGAGATTAGCTCCTCCTCGCGGAGTGGCTGCCCACTGTAGTCGCCATTGTAGCACGTGTGTAGCCCAACGCGTAAGGGCCATGAGGACTTGACGTCATCCCCACCTTCCTCCGGCTTATCACCGGCGGTTCCTTTAGAGTACCCAACTAAATGATGGCAACTAAAGGCGAGGGTTGCGCTCGTTGCGGGACTTAACCCAACATCTCACGACACGAGCTGACGACAGCCATGCAGCACCTGTCACCTATCCAGCCGAACTGAAGGAAAGTGTCTCCACGATCCGCGATAGGGATGTCAAACGTTGGTAAGGTTCTGCGCGTTGCTTCGAATTAAACCACATGCTCCACCGCTTGTGCAGGCCCCCGTCAATTCCTTTGAGTTTTAATCTTGCGACCGTACTCCCCAGGCGGATAACTTAATGCGTTAGCTGCGCCACCGAAACTCCATGAGCCCCAGCAGCTAGTTATCATCGTTTACGGCGTGGACTACCAGGGTATCTAATCCTGTTTGCTCCCCACGCTTTCGCACCTCAGCGTCAACAATCGTCCAGTGAGCCGCCTTCGCCACTGGTGTTCTTCCGAATATCTACGAATTTCACCTCTACACTCGGAATTCCACTCACCTCTCCGATGTTCAAGCAATCCAGTCTCAAAGGCTATTCCGGGGTTGAGCCCCGGGCTTTCACCTCTGACTTAAATCGCCGCCTACGTGCGCTTTACGCCCAGTAATTCCAAACAACGCTAGCCCCCTCCGTATTACCGCGGCTGCTGGCACGGAGTTAGCCGGGGCTTATTCYCCCGGTACTGTCAT,NA,NA
189,LBO6,LBO6,Proteobacteria,Alphaproteobacteria,Sphingomonadales,Sphingomonadaceae,Sphingobium,Sphingobium herbicidovorans strain MBIC 3166,NA,TSB_MBOA_compartment,B73_bx_root,NA,NA,NA,Compartment_isolation_June20,NA,NA,Red,NA,NA,NA,NA,NA,NA,NA,NA,NA,NA,NA,NA,NA,NA,1492r,NNNCTGCTGCCTCCTTGCGGTTAGCGCACAGCCTTCGGGTGAAACCAACTCCCATGGTGTGACGGGCGGTGTGTACAAGGCCTGGGAACGTATTCACCGCGGCATGCTGATCCGCGATTACTAGCGATTCCGCCTTCATGCTCTCGAGTTGCAGAGAACAATCCGAACTGAGACGACTTTTGGAGATTAGCTCCTCCTCGCGGAGTGGCTGCCCACTGTAGTCGCCATTGTAGCACGTGTGTAGCCCAACGCGTAAGGGCCATGAGGACTTGACGTCATCCCCACCTTCCTCCGGCTTATCACCGGCGGTTCCTTTAGAGTACCCAACTAAATGATGGCAACTAAAGGCGAGGGTTGCGCTCGTTGCGGGACTTAACCCAACATCTCACGACACGAGCTGACGACAGCCATGCAGCACCTGTCACCTATCCAGCCGAACTGAAGGAAAGTGTCTCCACGATCCGCGATAGGGATGTCAAACGTTGGTAAGGTTCTGCGCGTTGCTTCGAATTAAACCACATGCTCCACCGCTTGTGCAGGCCCCCGTCAATTCCTTTGAGTTTTAATCTTGCGACCGTACTCCCCAGGCGGATAACTTAATGCGTTAGCTGCGCCACCGAAACTCCATGAGCCCCAGCAGCTAGTTATCATCGTTTACGGCGTGGACTACCAGGGTATCTAATCCTGTTTGCTCCCCACGCTTTCGCACCTCAGCGTCAACAATCGTCCAGTGAGCCGCCTTCGCCACTGGTGTTCTTCCGAATATCTACGAATTTCACCTCTACACTCGGAATTCCACTCACCTCTCCGATGTTCAAGCAATCCAGTCTCAAAGGCTATTCCGGGGTTGAGCCCCGGGCTTTCACCTCTGACTTAAATCGCCGCCTACGTGCGCTTTACGCCCAGTAATTCCAAACAACGCTAGCCCCCTCCGTATTACCSCGGCTGCTGGCMCGGAGTTAGCCGGGGCTTATTCYCCCGGTACTGTCATTW,NA,NA
190,LBS1,LBS1,Actinobacteriota,Actinobacteria,Micrococcales,Micrococcaceae,Pseudarthrobacter,Pseudarthrobacter defluvii strain 4C1-a ,NA,TSB_MBOA_compartment,B73_bx_soil,NA,NA,NA,Compartment_isolation_June20,NA,NA,Red,NA,NA,NA,NA,NA,NA,NA,NA,NA,NA,NA,NA,NA,NA,1492r,CCGGCTTCGGGTGTTACCAACTTTCGTGACTTGANGGGCGGTGTGTACAAGGCCCGGGAACGTATTCACCGCANCGTTGCTGATCTGCGATTACTAGCGACTCCGACTTCATGGGGTCGAGTTGCAGACCCCAATCCGAACTGAGACCGGCTTTTTGGGATTAGCTCCACCTCACAGTATCGCAACCCTTTGTACCGGCCATTGTANCATGCGTGAAGCCCAAGACATAAGGGGCATGATGATTTGACGTCGTCCCCACCTTCCTCCGAGTTGACCCCGGCAGTCTCCTATGAGTCCCCACCATCACGTGCTGGCAACATAGAACGAGGGTTGCGCTCGTTGCGGGACTTAACCCAACATCTCACGACACGAGCTGACGACNACCATGCACCACCTGTAAACCGACCACAAGTGGGGGACCTGTTTCCAGGTCTTTCCGGTTCATGTCAAGCCTTGGTAAGGTTCTTCGCGTTGCATCNAATTAATCCGCATGCTCCGCCGCTTGTGCGGGCCCCCGTCAATTCCTTTGAGTTTTAGCCTTGCGGCCGTACTCCCCAGGCGGGGCACTTAATGCGTTAGCTACGGCGCGGAAAACGTGGAATGTCNCCCACACCTAGTGCCCAACGTTTACGGNATGGACTACCAGGGTATCTAATCCTGTTCGCTCCCCATGCTTTCNCTCCTCAGCGTCAGTTAATGCCCAGAGAC,NA,NA
191,LWH1,LWH1,Actinobacteriota,Actinobacteria,Micrococcales,Microbacteriaceae,Microbacterium,Microbacterium hibisci strain THG-T2.14,NA,TSB_MBOA_compartment,B73_WT_rhizo,NA,NA,NA,Compartment_isolation_June20,NA,NA,Red,NA,NA,NA,NA,NA,NA,NA,NA,NA,NA,NA,NA,NA,NA,1492r,TTACCGACTTTCATGACTTGACGGGCGGTGTGTACAAGACCCGGGAACGWATTCACCGCAGCGTTGCTGATCTGCGATTACTAGCGACTCCGACTTCATGAGGTCGAGTTGCAGACCTCAATCCGAACTGGGACCGGCTTTTTGGGATTCGCTCCACCTCACGGTATTGCAGCCCTTTGTACCGGCCATTGTAGCATGCGKGAAGCCCAAGACATAAGGGGCATGATGATTTGACGTCATCCCCACCTTCCTCCGAGTTGACCCCGGCAGTATCCCATGAGTTCCCACCATTACGTGCTGGCAACATAGAACGAGGGTTGCGCTCGTTGCGGGACTTAACCCAACATCTCACGACACGAGCTGACGACAACCATGCACCACCTGTTCACGAGTGTCCAAAGAGTCCCCTATTTCTAGGGTGTTCTCGTGTATGTCAAGCCTTGGTAAGGTTCTTCGCGTTGCATCGAATTAATCCGCATGCTCCGCCGCTTGTGCGGGTCCCCGTCAATTCCTTTGAGTTTTAGCCTTGCGGCCGTACTCCCCAGGCGGGGAACTTAATGCGTTAGCTGCGTCACGGAATCCGTGGAAAGGACCCCACAACTAGTTCCCAACGTTTACGGGGTGGACTACCAGGGTATCTAAGCCTGTTTGCTCCCCACCCTTTCGCTCCTCAGCGTCAGTTACGGCCCAGAGATCTGCCTTCGCCATCGGTGTTCCTCCTGATATCTGCGCATTCCACCGCTACACCAGGAATTCCAATCTCCCCTACCGCACTCTAGTCTGCCCGTACCCACTGCAGGCCCGAGGTTGAGCCTCGGGATTTCACAGCAGACGCGACAAACCGCCTACGAGCTCTTTACGCCCAATAATTCCGGATAACGCTTGCGCCCTACGTATTACCGCGGCTGCTGGCACGTAGTTAGCCGGCGCTTTTTCTGCAAGTACCGTCACTTTCGCTTCTTCCTTGCTAAAAGAAGTTTACAACCCGAAGGCCGTCATCCCTCAGGCGGCGTTGCTGCATCAGGCTTCGCCCATTGKGCAAWATCCCCACTGCTGCCTCCGTAGRAGTCTGGGCCGG,NA,NA
192,LWH3,LWH3,Actinobacteriota,Actinobacteria,Micrococcales,Microbacteriaceae,Microbacterium,Microbacterium trichothecenolyticum strain DSM 8608,NA,TSB_MBOA_compartment,B73_WT_rhizo,NA,NA,NA,Compartment_isolation_June20,NA,NA,Red,NA,NA,NA,NA,NA,NA,NA,NA,NA,NA,NA,NA,NA,NA,1492r,NCATCGAMGGCTCCCTCCACAAGGGTTGGGCCACCGGCTTCAGGTGTTACCGACTTTCATGACTTGACGGGCGGTGTGTACAAGACCCGGGAACGTATTCACCGCAGCGTTGCTGATCTGCGATTACTAGCGACTCCGACTTCATGAGGTCGAGTTGCAGACCTCAATCCGAACTGGGACCGGCTTTTTGGGATTCGCTCCACCTCACGGTATTGCAGCCCTTTGTACCGGCCATTGTAGCATGCGTGAAGCCCAAGACATAAGGGGCATGATGATTTGACGTCATCCCCACCTTCCTCCGAGTTGACCCCGGCAGTATCCCATGAGTTCCCACCATTACGTGCTGGCAACATAGAACGAGGGTTGCGCTCGTTGCGGGACTTAACCCAACATCTCACGACACGAGCTGACGACAACCATGCACCACCTGTTCACGAGTGTCCAAAGAGTCCCCTATTTCTAGGGTGTTCTCGTGTATGTCAAGCCTTGGTAAGGTTCTTCGCGTTGCATCGAATTAATCCGCATGCTCCGCCGCTTGTGCGGGTCCCCGTCAATTCCTTTGAGTTTTAGCCTTGCGGCCGTACTCCCCAGGCGGGGAACTTAATGCGTTAGCTGCGTCACGGAATCCGTGGAAAGGACCCCACAACTAGTTCCCAACGTTTACGGGGTGGACTACCAGGGTATCTAAGCCTGTTTGCTCCCCACCCTTTCGCTCCTCAGCGTCAGTTACGGCCCAGAGATCTGCCTTCGCCATCGGTGTTCCTCCTGATATCTGCGCATTCCACCGCTACACCAGGAATTCCAATCTCCCCTACCGCACTCTAGTCTGCCCGTACCCACTGCAGGCCCGAGGTTGAGCCTCGGGATTTCACAGCAGACGCGACAAACCGCCTACGAGCTCTTTACGCCCAATAATTCCGGATAACGCTTGCGCCCTACGTATTACCGSGGCTGCTGGCACGTAGTTAGCCGGSSCTTTTTCTGCAAGTACCGTCACTTTCGCTTCTTCCTTGCTAAAAGAGGTTTAMAACCCGAAGGCCGTCATCCY,NA,NA
193,LWH4,LWH4,Proteobacteria,Alphaproteobacteria,Sphingomonadales,Sphingomonadaceae,Sphingobium,Sphingobium herbicidovorans strain MBIC 3166,NA,TSB_MBOA_compartment,B73_WT_rhizo,NA,NA,NA,Compartment_isolation_June20,NA,NA,Red,NA,NA,NA,NA,NA,NA,NA,NA,NA,NA,NA,NA,NA,NA,1492r,TGCTGCCTCCTTGCGGTTAGNGCACAGCCTTCGGGTGAAACCAACTCCCATGGTGTGACGGGCGGTGTGTACAAGGCCTGGGAACGTATTCACCGCGGCATGCTGATCCGCGATTACTAGCGATTCCGCCTTCATGCTCTCGAGTTGCAGAGAACRATCCGAACTGAGACGACTTTTGGAGATTAGCTCCTCCTCGCGKAGTGGCTGCCCACTGTAGTCGCCATTGTAGCACGTGTGTAGCCCAACGCGTAAGGGCCATGAGGACTTGACGTCATCCCCACCTTCCTCCGGCTTATCACCGGCGGTTCCTTTAGAGTACCCAACTAAATGATGGCAACTAAAGGCGAGGGTTGCGCTCGTTGCGGGACTTAACCCAACATCTCACGACACGAGCTGACGACAGCCATGCAGCACCTGTCACCTATCCAGCCGAACTGAAGGAAAGTGTCTCCACGATCCGCGATAGGGATGTCAAACGTTGGTAAGGTTCTGCGCGTTGCTTCGAATTAAACCACATGCTCCACCGCTTGTGCAGGCCCCCGTCAATTCCTTTGAGTTTTAATCTTGCGACCGTACTCCCCAGGCGGATAACTTAATGCGTTAGCTGCGCCACCGAAACTCCATGAGCCCCAGCAGCTAGTTATCATCGTTTACGGCGTGGACTACCAGGGTATCTAATCCTGTTTGCTCCCCACGCTTTCGCACCTCAGCGTCAACAATCGTCCAGTGAGCCGCCTTCGCCACTGGTGTTCTTCCGAATATCTACGAATTTCACCTCTACACTCGGAATTCCACTCACCTCTCCGATGTTCAAGCAATCCAGTCTCAAAGGCTRTTCCGGGGTTGAGCCCCGGGCTTTCACCTCTGACTTAAATCGCCGCCTACGTGCGCTTTACGCCCAGTAATTCCGAACAACGCTAGCCCCCTCCGTATTACCGCGGCTGCTGGCACGGAGTTAGCCGGGGCTTATTCTCCCGGTACTGTCATTATCATCCCGGGTAAAAGAGCTTTACAACCCTAAGGCCTTCATCACTCACGCGGCATTGCTGGATCAGGGTTGCCCCCATTGTCCAAATTCCCTACTGCTGCCTCCCGAAGAATCTGGGCCGKG,NA,NA
194,LWH5,LWH5,Actinobacteriota,Actinobacteria,Micrococcales,Micrococcaceae,Paenarthrobacter,Paenarthrobacter nicotinovorans strain DSM 420,NA,TSB_MBOA_compartment,B73_WT_rhizo,NA,NA,NA,Compartment_isolation_June20,NA,NA,Red,NA,NA,NA,NA,NA,NA,NA,NA,NA,NA,NA,NA,NA,NA,1492r,CNACCGGCTTCGGGTGTTACCAACTTTCGTGACTTGACGGGCGGTGTGTACAAGGCCCGGGAACGTATTCACCGCAGCGTTGCTGATCTGCGATTACTAGCGACTCCGACTTCATGGGGTCGAGTTGCAGACCCCAATCCGAACTGAGACCGGCTTTTTGGGATTAGCTCCACCTCACAGTATCGCAACCCTTTGTACCGGCCATTGTAGCATGCGTGAAGCCCAAGACATAAGGGGCATGATGATTTGACGTCGTCCCCACCTTCCTCCGAGTTGACCCCGGCAGTCTCCTATGAGTCCCCGGCCGAACCGCTGGCAACATAGAACGAGGGTTGCGCTCGTTGCGGGACTTAACCCAACATCTCACGACACGAGCTGACGACAACCATGCACCACCTGTAAACCGACCGCAAGCGGGGCACCTGTTTCCAGGTCTTTCCGGTTCATGTCAAGCCTTGGTAAGGTTCTTCGCGTTGCATCGAATTAATCCGCATGCTCCGCCGCTTGTGCGGGCCCCCGTCAATTCCTTTGAGTTTTAGCCTTGCGGCCGTACTCCCCAGGCGGGGCACTTAATGCGTTAGCTACGGCGCGGAAAACGTGGAATGTCCCCCACACCTAGTGCCCAACGTTTACGGCATGGACTACCAGGGTATCTAATCCTGTTCGCTCCCCATGCTTTCGCTCCTCAGCGTCAGTTACAGCCCAGAGACCTGCCTTCGCCATCGGTGTTCCTCCTGATATCTGCGCATTTCACCGCTACACCAGGAATTCCAGTCTCCCCTACTGCACTCTAGTCTGCCCGTACCCACTGCAGAACCGGAGTTGAGCCCCGGTCTTTCACAGCAGACGCGACAAACCGCCTACGAGCTCTTTACGCCCAATAATTCCGGATAACGCTTGCGCCCTACGTATTACCGCGGCTGCTGGCACGTAGTTAGCCGGCGCTTCTTCTGCAGGTACCGTCACTTACGCTTCTTCCCTACTGAAAGAGGTTTACAACCCGAAGGCCGTCATCCCTCAGGGGNGTCGCTGCATCAGGCTTGSSCCCATTGKGCAATATTCCCACTGCTGCCTCCGTAGGARTCTGGGCCGTG,NA,NA
195,LWH7,LWH7,Actinobacteriota,Actinobacteria,Micrococcales,Microbacteriaceae,Microbacterium,Microbacterium trichothecenolyticum strain DSM 8608,NA,TSB_MBOA_compartment,B73_WT_rhizo,NA,NA,NA,Compartment_isolation_June20,NA,NA,Red,NA,NA,NA,NA,NA,NA,NA,NA,NA,NA,NA,NA,NA,NA,1492r,NRACGGCTCCCTCCACAAGGGTTGGGCCACCGGCTTCAGGTGTTACCGACTTTCATGACTTGACGGGCGGTGTGTACAAGACCCGGGAACGTATTCACCGCAGCGTTGCTGATCTGCGATTACTAGCGACTCCGACTTCATGAGGTCGAGTTGCAGACCTCAATCCGAACTGGGACCGGCTTTTTGGGATTCGCTCCACCTCACGGTATTGCAGCCCTTTGTACCGGCCATTGTAGCATGCGTGAAGCCCAAGACATAAGGGGCATGATGATTTGACGTCATCCCCACCTTCCTCCGAGTTGACCCCGGCAGTATCCCATGAGTTCCCACCATTACGTGCTGGCAACATAGAACGAGGGTTGCGCTCGTTGCGGGACTTAACCCAACATCTCACGACACGAGCTGACGACAACCATGCACCACCTGTTCACGAGTGTCCAAAGAGTCCCCTATTTCTAGGGTGTTCTCGTGTATGTCAAGCCTTGGTAAGGTTCTTCGCGTTGCATCGAATTAATCCGCATGCTCCGCCGCTTGTGCGGGTCCCCGTCAATTCCTTTGAGTTTTAGCCTTGCGGCCGTACTCCCCAGGCGGGGAACTTAATGCGTTAGCTGCGTCACGGAATCCGTGGAAAGGACCCCACAACTAGTTCCCAACGTTTACGGGGTGGACTACCAGGGTATCTAAGCCTGTTTGCTCCCCACCCTTTCGCTCCTCAGCGTCAGTTACGGCCCAGAGATCTGCCTTCGCCATCGGTGTTCCTCCTGATATCTGCGCATTCCACCGCTACACCAGGAATTCCAATCTCCCCTACCGCACTCTAGTCTGCCCGTACCCACTGCAGGCCCGAGGTTGAGCCTCGGGATTTCACAGCAGACGCGACAAACCGCCTACGAGCTCTTTACGCCCAATAATTCCGGATAACGCTTGCGCCCTACGTATTACCGCGGCTGCTGGCACGTAGTTAGCCGGSSCTTTTTCTGCAGTACCGTCMCTTTCGCTTCTTCCTTGCTAAAAGAGGTTTAMAACCCGAAGGCCGTCATCCYTMAGCGGGTTGCTGCATCAGGCTTCCGCCCATTGGGCAAAATTCC,NA,NA
196,LWH8,LWH8,Proteobacteria,Alphaproteobacteria,Sphingomonadales,Sphingomonadaceae,Sphingobium,Sphingobium herbicidovorans strain MBIC 316,NA,TSB_MBOA_compartment,B73_WT_rhizo,NA,NA,NA,Compartment_isolation_June20,NA,NA,Red,NA,NA,NA,NA,NA,NA,NA,NA,NA,NA,NA,NA,NA,NA,1492r,CTGCCTCCTTGCGGTTAGCGCACAGCCTTCGGGTGAAACCAACTCCCATGGTGTGACGGGCGGTGTGTACAAGGCCTGGGAACGTATTCACCGCGGCATGCTGATCCGCGATTACTAGCGATTCCGCCTTCATGCTCTCGAGTTGCAGAGAACAATCCGAACTGAGACGACTTTTGGAGATTAGCTCCTCCTCGCGGAGTGGCTGCCCACTGTAGTCGCCATTGTAGCACGTGTGTAGCCCAACGCGTAAGGGCCATGAGGACTTGACGTCATCCCCACCTTCCTCCGGCTTATCACCGGCGGTTCCTTTAGAGTACCCAACTAAATGATGGCAACTAAAGGCGAGGGTTGCGCTCGTTGCGGGACTTAACCCAACATCTCACGACACGAGCTGACGACAGCCATGCAGCACCTGTCACCTATCCAGCCGAACTGAAGGAAAGTGTCTCCACGATCCGCGATAGGGATGTCAAACGTTGGTAAGGTTCTGCGCGTTGCTTCGAATTAAACCACATGCTCCACCGCTTGTGCAGGCCCCCGTCAATTCCTTTGAGTTTTAATCTTGCGACCGTACTCCCCAGGCGGATAACTTAATGCGTTAGCTGCGCCACCGAAACTCCATGAGCCCCAGCAGCTAGTTATCATCGTTTACGGCGTGGACTACCAGGGTATCTAATCCTGTTTGCTCCCCACGCTTTCGCACCTCAGCGTCAACAATCGTCCAGTGAGCCGCCTTCGCCACTGGTGTTCTTCCGAATATCTACGAATTTCACCTCTACACTCGGAATTCCACTCACCTCTCCGATGTTCAAGCAATCCAGTCTCAAAGGCTATTCCGGGGTTGAGCCCCGGGCTTTCACCTCTGACTTAAATCGCCGCCTACGTGCGCTTTACGCCCAGTAATTTCCGAACAACGCTAGCCCCCTCCGTATTACCGCGGCTGCTGGCACGGAGTTAGCCGGGGCTTATTCTCCCGGTACTGTCATTATCATCCCGGGTAAAANAG,NA,NA
197,LWH9,LWH9,Proteobacteria,Alphaproteobacteria,Sphingomonadales,Sphingomonadaceae,Sphingobium,Sphingobium herbicidovorans strain MBIC 3166,NA,TSB_MBOA_compartment,B73_WT_rhizo,NA,NA,NA,Compartment_isolation_June20,NA,NA,Red,NA,NA,NA,NA,NA,NA,NA,NA,NA,NA,NA,NA,NA,NA,1492r,CTGNCTCCTTGCGGTTAGCGCACAGCCTTCGGGTGAAACCAACTCCCATGGTGTGACGGGCGGTGTGTACAAGGCCTGGGAACGTATTCACCGCGGCATGCTGATCCGCGATTACTAGCGATTCCGCCTTCATGCTCTCGAGTTGCAGAGAACAATCCGAACTGAGACGACTTTTGGAGATTAGCTCCTCCTCGCGGAGTGGCTGCCCACTGTAGTCGCCATTGTAGCACGTGTGTAGCCCAACGCGTAAGGGCCATGAGGACTTGACGTCATCCCCACCTTCCTCCGGCTTATCACCGGCGGTTCCTTTAGAGTACCCAACTAAATGATGGCAACTAAAGGCGAGGGTTGCGCTCGTTGCGGGACTTAACCCAACATCTCACGACACGAGCTGACGACAGCCATGCAGCACCTGTCACCTATCCAGCCGAACTGAAGGAAAGTGTCTCCACGATCCGCGATAGGGATGTCAAACGTTGGTAAGGTTCTGCGCGTTGCTTCGAATTAAACCACATGCTCCACCGCTTGTGCAGGCCCCCGTCAATTCCTTTGAGTTTTAATCTTGCGACCGTACTCCCCAGGCGGATAACTTAATGCGTTAGCTGCGCCACCGAAACTCCATGAGCCCCAGCAGCTAGTTATCATCGTTTACGGCGTGGACTACCAGGGTATCTAATCCTGTTTGCTCCCCACGCTTTCGCACCTCAGCGTCAACAATCGTCCAGTGAGCCGCCTTCGCCACTGGTGTTCTTCCGAATATCTACGAATTTCACCTCTACACTCGGAATTCCACTCACCTCTCCGATGTTCAAGCAATCCAGTCTCAAAGGCTATTCCGGGGTTGAGCCCCGGGCTTTCACCTCTGACTTAAATCGCCGCCTACGTGCGCTTTACGCCCAGTAATTCCGAACAACGCTAGCCCCCTCCGTATTACCGCGGCTGCTGGCACGGAGTTAGCCGGGGCTTATTCTCCCGGTACTGTCATTATCATCCCGGGTAAAAGAGCTTTACAACCCTAAGGCCTTCATCACTCACGCGGCATTGCTGGATCAGGGTTGCCCCCATTGTCAATATTCCCTACTGCTGCCTCCCGTAGGAGTCTGGGCCGGNC,NA,NA
198,LWH10,LWH10,Actinobacteriota,Actinobacteria,Micrococcales,Microbacteriaceae,Microbacterium,Microbacterium saperdae strain DSM 20169,NA,TSB_MBOA_compartment,B73_WT_rhizo,NA,NA,NA,Compartment_isolation_June20,NA,NA,Red,NA,NA,NA,NA,NA,NA,NA,NA,NA,NA,NA,NA,NA,NA,1492r,GGCGGNGTGTACAAGACCCGGGAACGTATTCACCGCAGCGTTNCTGATCTGCGATTACTAGCGACTCCGACTTCATGAGGTCGAGTTGCAGACCTCAATCCGAACTGGGACCGGCTTTTTGGGATTCGCTCCACCTCGCGGTATTGCAGCCCTTTGTACCGGCCATTGTAGCATGCGTGAAGCCCAAGACATAAGGGGCATGATGATTTGACGTCNTCCCCACCTTCCTCCGAGTTGACCCCGGCAGTATCCCATGAGTTCCCACCATTACGTGCTGGCAACATAGAACGAGGGTTGCGCTCGTTGCGGGACTTAACCCAACATCTCACGACACGAGCTGACGACAACCATGCACCACCTGTTTACGAGTGTCCAAAGAGTTGACCATTTCTGGCCCGNTCTCGTATATGTCAAGCCTTGGNAAGGTTCTTCGCGTTGCATCGAATTAATCCGCATGCTCCGCCGCTTGTGCGGGTCCCCGTCAATTCCTTTGAGTTTTAGCCTTGCGGCCGTACTCCCCAGGCGGGGAACTTAATGCGTTAGCTGCNTCACGGAATCCGTGGAATGGACCCCACAACTAGTTCCCAACGTTTACGGGGTGGACTACCAGGGTATCTAANCC,NA,NA
199,LWO2,LWO2,Actinobacteriota,Actinobacteria,Micrococcales,Microbacteriaceae,Microbacterium,Microbacterium hibisci strain THG-T2.14,NA,TSB_MBOA_compartment,B73_WT_root,NA,NA,NA,Compartment_isolation_June20,NA,NA,Red,NA,NA,NA,NA,NA,NA,NA,NA,NA,NA,NA,NA,NA,NA,1492r,GTTGGGCCACCGGCTTCAGGTGTTACCGACTTTCATGACTTGACGGGCGGTGTGTACAAGACCCGGGAACGTATTCACCGCAGCGTTGCTGATCTGCGATTACTAGCGACTCCGACTTCATGAGGTCGAGTTGCAGACCTCAATCCGAACTGGGACCGGCTTTTTGGGATTCGCTCCACCTCACGGTATTGCAGCCCTTTGTACCGGCCATTGTAGCATGCGTGAAGCCCAAGACATAAGGGGCATGATGATTTGACGTCATCCCCACCTTCCTCCGAGTTGACCCCGGCAGTATCCCATGAGTTCCCACCATTACGTGCTGGCAACATAGAACGAGGGTTGCGCTCGTTGCGGGACTTAACCCAACATCTCACGACACGAGCTGACGACAACCATGCACCACCTGTTCACGAGTGTCCAAAGAGTCCCCTATTTCTAGGGTGTTCTCGTGTATGTCAAGCCTTGGTAAGGTTCTTCGCGTTGCATCGAATTAATCCGCATGCTCCGCCGCTTGTGCGGGTCCCCGTCAATTCCTTTGAGTTTTAGCCTTGCGGCCGTACTCCCCAGGCGGGGAACTTAATGCGTTAGCTGCGTCACGGAATCCGTGGAAAGGACCCCACAACTAGTTCCCAACGTTTACGGGGTGGACTACCAGGGTATCTAAGCCTGTTTGCTCCCCACCCTTTCGCTCCTCAGCGTCAGTTACGGCCCAGAGATCTGCCTTCGCCATCGGTGTTCCTCCTGATATCTGCGCATTCCACCGCTACACCAGGAATTCCAATCTCCCCTACCGCACTCTAGTCTGCCCGTACCCACTGCAGGCCCGAGGTTGAGCCTCGGGATTTCACAGCAGACGCGACAAACCGCCTACGAGCTCTTTACGCCCAATAATTCCGGATAACGCTTGCGCCCTACGTATTACCGCGGCTGCTGGCACGTAGTTAGCCGGSGCTTTTTCTGCAAGTACCGTCACTTTCGCTTCTTCCTTGCTAAAAGAGGTTACAACCCGAAGGCCGTCATCCCTCAGGCGGCGTTGCTGCATCAGGCTTCCGCCCATTGKGCAATATTCCCA,NA,NA
200,LWO5,LWO5,Actinobacteriota,Actinobacteria,Micrococcales,Microbacteriaceae,Microbacterium,Microbacterium saperdae strain DSM 20169 ,NA,TSB_MBOA_compartment,B73_WT_root,NA,NA,NA,Compartment_isolation_June20,NA,NA,Red,NA,NA,NA,NA,NA,NA,NA,NA,NA,NA,NA,NA,NA,NA,1492r,CNACCGGYTTCAGGTGTTACCGACTTTCATGACTTGACGGGCGGTGTGTACAAGACCCGGGAACGTATTCACCGCAGCGTTGCTGATCTGCGATTACTAGCGACTCCGACTTCATGAGGTCGAGTTGCAGACCTCAATCCGAACTGGGACCGGCTTTTTGGGATTCGCTCCACCTCGCGGTATTGCAGCCCTTTGTACCGGCCATTGTAGCATGCGTGAAGCCCAAGACATAAGGGGCATGATGATTTGACGTCATCCCCACCTTCCTCCGAGTTGACCCCGGCAGTATCCCATGAGTTCCCACCATTACGTGCTGGCAACATAGAACGAGGGTTGCGCTCGTTGCGGGACTTAACCCAACATCTCACGACACGAGCTGACGACAACCATGCACCACCTGTTTACGAGTGTCCAAAGAGTTGACCATTTCTGGCCCGTTCTCGTATATGTCAAGCCTTGGTAAGGTTCTTCGCGTTGCATCGAATTAATCCGCATGCTCCGCCGCTTGTGCGGGTCCCCGTCAATTCCTTTGAGTTTTAGCCTTGCGGCCGTACTCCCCAGGCGGGGAACTTAATGCGTTAGCTGCGTCACGGAATCCGTGGAATGGACCCCACAACTAGTTCCCAACGTTTACGGGGTGGACTACCAGGGTATCTAAGCCTGTTTGCTCCCCACCCTTTCGCTCCTCAGCGTCAGTTACGGCCCAGAGATCTGCCTTCGCCATCGGTGTTCCTCCTGATATCTGCGCATTCCACCGCTACACCAGGAATTCCAATCTCCCCTACCGCACTCTAGTCTGCCCGTACCCACTGCAGGCCGGAGGTTGAGCCTCCGGATTTCACAGCAGACGCGACAAACCGCCTACGAGCTCTTTACGCCCAATAATTCCGGATAACGCTTGCGCCCTACGTATTACCGCGGCTGCTGGCACGTAGTTAGCCGGCGCTTTTTCTGCAGGTACCGTCACTTTCGCTTCTTCCCTGCTAAAAGAGGTTTACAACCCGAAGGCCGTCATCCCTCAGGCGGCGTTGCTGCATCAGGCTTGCSCCCATTGKGCAATATTCCCCACTGCTGCCTCCGTAGGAGTCTGGGCCGKGTCTCAGTCCCAGKKKGGCCGGTMACCTYTCAGGCGGCTACCCGTCGACGCTTGGTGAGCCATTACC,NA,NA
201,LWO6,LWO6,Proteobacteria,Gammaproteobacteria,Pseudomonadales,Pseudomonadaceae,Pseudomonas,Pseudomonas veronii strain CIP 104663,NA,TSB_MBOA_compartment,B73_WT_root,NA,NA,NA,Compartment_isolation_June20,NA,NA,NR,NA,NA,NA,NA,NA,NA,NA,NA,NA,NA,NA,NA,NA,NA,1492r,ACTTAGCTACTTCTGGTGCAACCCACTCCCATGGTGTGACGGGCGGTGTGTACAAGGCCCGGGAACGTATTCACCGCGACATTCTGATTCGCGATTACTAGCGATTCCGACTTCACGCAGTCGAGTTGCAGACTGCGATCCGGACTACGATCGGTTTTCTGGGATTAGCTCCACCTCGCGGCTTGGCAACCCTCTGTACCGACCATTGTAGCACGTGTGTAGCCCAGGCCGTAAGGGCCATGATGACTTGACGTCATCCCCACCTTCCTCCGGTTTGTCACCGGCAGTCTCCTTAGAGTGCCCACCATCACGTGCTGGTAACTAAGGACAAGGGTTGCGCTCGTTACGGGACTTAACCCAACATCTCACGACACGAGCTGACGACAGCCATGCAGCACCTGTCTCAATGTTCCCGAAGGCACCAATCCATCTCTGGAAAGTTCATTGGATGTCAAGGCCTGGTAAGGTTCTTCGCGTTGCTTCGAATTAAACCACATGCTCCACCGCTTGTGCGGGCCCCCGTCAATTCATTTGAGTTTTAACCTTGCGGCCGTACTCCCCAGGCGGTCAACTTAATGCGTTAGCTGCGCCACTAAGAGCTCAAGGCTCCCAACGGCTAGTTGACATCGTTTACGGCGTGGACTACCAGGGTATCTAATCCTGTTTGCTCCCCACGCTTTCGCACCTCAGTGTCAGTATCAGTCCAGGTGGTCGCCTTCGCCACTGGTGTTCCTTCCTATATCTACGCATTTCACCGCTACACAGGAAATTCCACCACCCTCTACCATACTCTAGTCAGTCAGTTTTGAATGCAGTTCCCAGGTTGAGCCCGGGGATTTCACATCCAACTTAACAAACCACCTACGCGCGCTTTACGCCCAGTNANTTCCGATTAACGCTTGCACCCTCTG,NA,NA
202,LWO8,LWO8,Actinobacteriota,Actinobacteria,Micrococcales,Microbacteriaceae,Microbacterium,Microbacterium hibisci strain THG-T2.14,NA,TSB_MBOA_compartment,B73_WT_root,NA,NA,NA,Compartment_isolation_June20,NA,NA,Red,NA,NA,NA,NA,NA,NA,NA,NA,NA,NA,NA,NA,NA,NA,1492r,GNGGTGTGTACAAGACCCGGNAACGTATTCACCGCAGCGTTGCTGATCTGCGATTACTAGCGACTCCGACTTCATGAGGTCGAGTTGCANACCTCAATCCGAACTGGGACCGGCTTTTTGGGATTCGCTCCACCTCACGGTATTGCAGCCCTTTGTACCGGCCATTGTAGCATGCGTGAAGCCCAAGACATAAGGGGCATGATGATTTGACGTCATCCCCACCTTCCTCCGAGTTGACCCCGGCAGTATCCCATGAGTTCCCACCATTACNTGCTGGCAACATAGAACGAGGGTTGCGCTCGTTGCGGGACTTAACCCAACATCTCACGACACGAGCTGACGACAACCATGCACCACCTGTTCACGAGTGTCCAAAGAGTCCCCTATTTCTAGGGTGTTCTCGTGTATGTCAAGCCTTGGTAAGGTTCTTCGCGTTGCATCGAATTAATCCGCATGCTCCGCCGCTTGTGCGGGTCCCCGTCAATTCCTTTGAGTTTTAGCCTTGCGGCCGTACTCCCCAGGCGGGGAACTTAATGCGTTAGCTGCGTCACGGAATCCGTGGAAAGGACCCCACAACTAGTTCCCAACGTTTACGGGGTGGACTACCAGGG,NA,NA
203,LWS2,LWS2,Proteobacteria,Alphaproteobacteria,Sphingomonadales,Sphingomonadaceae,Sphingobium,Sphingobium chungangianum strain MAH-11,NA,TSB_MBOA_compartment,B73_WT_soil,NA,NA,NA,Compartment_isolation_June20,NA,NA,Red,NA,NA,NA,NA,NA,NA,NA,NA,NA,NA,NA,NA,NA,NA,1492r,NNTCTGCTGCCTCCTTGCGGTTAGCGCACAGCCTTCGGGTGAAACCAACTCCCATGGTGTGACGGGCGGTGTGTACAAGGCCTGGGAACGTATTCACCGCGGCATGCTGATCCGCGATTACTAGCGATTCCGCCTTCAYGCTCTCGAGTTGCAGAGAACRATCCGAACTGAGACGACTTTTGGAGATTAGCTYCTMCTCGCRTGGTSGCTGCCCACTGTAGTCGCCATTGTAGCACGTGTGTAGCCCAACGCGTAAGGGCCATGAGGACTTGACGTCATCCCCACCTTCCTCCGGCTTATCACCGGCGGTTCCTTTAGAGTACCCAACTAAATGATGGCAACTAAAGGCGAGGGTTGCGCTCGTTGCGGGACTTAACCCAACATCTCACGACACGAGCTGACGACAGCCATGCAGCACCTGTCACCTATCCAGCCGAACTGAAGGAAASYRTCTCTRCKATCCGCGATAGGGATGTCAAACGTTGGTAAGGTTCTGCGCGTTGCTTCGAATTAAACCACATGCTCCACCGCTTGTGCAGGCCCCCGTCAATTCCTTTGAGTTTTAATCTTGCGACCGTACTCCCCAGGCGGATAACTTAATGCGTTAGCTGCGCCACCGAAACTCCATGAGCCCCAGCAGCTAGTTATCATCGTTTACGGCGTGGACTACCAGGGTATCTAATCCTGTTTGCTCCCCACGCTTTCGCACCTCAGCGTCAACAATCGTCCAGTGAGCCGCCTTCGCCACTGGTGTTCTTCCGAATATCTACGAATTTCACCTCTACACTCGGAATTCCACTCACCTCTCCGATGTTCAAGCAATCCAGTCTCAAAGGCTRTTCCGGGGTTGAGCCCCGGGCTTTCACCTCTGACTTAAATCGCCGCCTACGTGCGCTTTACGCCCAGTAATTCCAAAAAACGCTAGCCCCCTCCGTATTACCSNGCTGCTGGCMCGGAGTTAGCCGGGGCTTWTTCTCCCGGTACTGTCATAWCATCCCGGGTAAA,NA,NA
